"CODPRODUCTO","DESCRIPCION","NOMBREPAIS","COSTE","PRECIOVENTA","TIPOUNIDAD","NOMBRESUBFAMILIA","MARCA","CODPROVEEDOR"
"001CH","Chesire","Reino Unido",3.3,4.69,"Porción (250 g)","Vaca Curado","Smith Farmer","101"
"002CO","Cotswold","Reino Unido",3.47,4.98,"Porción (250 g)","Vaca Curado","Old Hill","101"
"003CL","Crumbly Lancanshire","Reino Unido",3.93,5.59,"Porción (250 g)","Vaca Semicurado","The Farmhouse","101"
"004DG","Double Gloucester","Reino Unido",3.48,4.98,"Porción (250 g)","Vaca Curado","Mr. Cooper","101"
"005HU","Huntsman","Reino Unido",4.83,6.84,"Porción (250 g)","Vaca Pasta veteada","Thoncheese","101"
"006MB","Mature Blue Stilton","Reino Unido",5.08,7.13,"Porción (250 g)","Vaca Pasta veteada","Blue Cow","101"
"007RL","Red Leicester","Reino Unido",4.18,6.23,"Porción (250 g)","Vaca Semicurado","The Red Farm","101"
"008MC","Mature Cheddar","Reino Unido",4.15,6.23,"Porción (250 g)","Vaca Curado","Yellowcheese","101"
"009SD","Sage Derby","Reino Unido",4.31,6.23,"Porción (250 g)","Vaca Semicurado","Derby House","101"
"010WS","White Stilton","Reino Unido",5.07,7.48,"Porción (250 g)","Vaca Tierno","Blue Cow","101"
"011CH","Chevagne","Bélgica",5.45,7.81,"Porción (250 g)","Cabra Tierno","Frocheg","102"
"012CH","Chevrelait","Bélgica",2.82,4.06,"Porción (250 g)","Cabra Tierno","ChevreFerme","102"
"013CT","Chimay Trappiste with Beer","Bélgica",5.29,7.81,"Porción (250 g)","Vaca Semicurado","Trachilait","102"
"014PA","Passendale","Bélgica",5.3,7.48,"Porción (250 g)","Vaca Semicurado","Lessande","102"
"015PJ","Pere Joseph","Bélgica",4.85,6.84,"Porción (250 g)","Vaca Semicurado","Monsieur Joseph","102"
"016PO","Postel","Bélgica",5.25,7.81,"Porción (250 g)","Vaca Curado","Vachestel","102"
"017WY","Wynendale","Bélgica",7.01,9.98,"Porción (250 g)","Vaca Semicurado","Flosary","102"
"018AB","Abondance","Francia",6.36,9.35,"Porción (250 g)","Vaca Semicurado","Seblochan","103"
"019BA","Banon","Francia",2.21,3.1,"Porción (250 g)","Cabra Semicurado","Ferail","103"
"020BA","Bleu d'Auvergne","Francia",3.26,4.73,"Porción (250 g)","Vaca Pasta veteada","La Vache Blue","103"
"021BS","Brillant Savarin","Francia",6.98,9.98,"Porción (250 g)","Vaca Semicurado","Ferme Pierre","103"
"022CA","Camembert","Francia",3.78,5.56,"Porción (250 g)","Vaca Pasta blanda","Le Caprice","103"
"023CH","Chaource","Francia",6.04,8.9,"Porción (250 g)","Vaca Pasta blanda","Chaoulait","103"
"024CH","Chèvre","Francia",4.96,7.28,"Porción (250 g)","Cabra Tierno","Terdeloup","103"
"025CO","Coulommiers","Francia",3.41,5.1,"Porción (250 g)","Vaca Pasta blanda","Les Coulotances","103"
"026DM","Doux de Montagne","Francia",5.13,7.48,"Porción (250 g)","Vaca Curado","Fleurmontagne","103"
"027FM","Fleur de Marquis","Francia",8.9,12.48,"Porción (250 g)","Oveja Curado","Le Marquis","103"
"028FB","French Brie","Francia",2.94,4.38,"Porción (250 g)","Vaca Pasta blanda","Vachebrie","104"
"029GC","Gruyère de Comté","Francia",3.49,4.98,"Porción (250 g)","Vaca Semicurado","Le Fromagru","104"
"030MI","Mimolette","Francia",3.93,5.73,"Porción (250 g)","Vaca Semicurado","Mimoferme","104"
"031MO","Morbier","Francia",3.32,4.98,"Porción (250 g)","Vaca Semicurado","Le Morfont","104"
"032PA","Pavé d'Affinois","Francia",6.89,10.05,"Porción (250 g)","Vaca Pasta blanda","Le Pavé Box","104"
"033PE","Pont L'Evèque","Francia",5.29,7.9,"Porción (250 g)","Vaca Pasta blanda","Le Pont Equisite","104"
"034RA","Raclette","Francia",3.92,5.59,"Porción (250 g)","Vaca Semicurado","Old Waloon","104"
"035RE","Reblochon","Francia",6.22,8.73,"Porción (250 g)","Vaca Pasta blanda","Rochance","104"
"036RB","RocheBaron Creamy Blue","Francia",5.4,7.84,"Porción (250 g)","Vaca Pasta veteada","Le Baron du Lait","104"
"037RO","Roquefort","Francia",6.52,9.59,"Porción (250 g)","Oveja Pasta veteada","Delicatessen","104"
"038SO","Somport","Francia",5.33,7.48,"Porción (250 g)","Vaca Curado","Somvache","104"
"039TS","Tomme de Savoie","Francia",4.84,7.0,"Porción (250 g)","Vaca Semicurado","Ferme du Savoie","104"
"040ED","Edam","Holanda",2.57,3.73,"Porción (250 g)","Vaca Semicurado","Wenhlecate","105"
"041EG","Extra Aged Gouda","Holanda",4.6,6.84,"Porción (250 g)","Vaca Añejo","Wenhlegod Aged","105"
"042GO","Gouda","Holanda",2.79,4.06,"Porción (250 g)","Vaca Semicurado","Wenhlegod","105"
"043GG","Goat Gouda","Holanda",4.19,6.23,"Porción (250 g)","Cabra Tierno","Wenhlegod Goat","105"
"044LE","Leyden","Holanda",1.72,2.5,"Porción (250 g)","Vaca Curado","Leydaar","105"
"045MA","Maasdam","Holanda",2.61,3.73,"Porción (250 g)","Vaca Semicurado","Maarderrner","105"
"046OA","Old Amsterdam","Holanda",5.28,7.48,"Porción (250 g)","Vaca Curado","Old Ferme","105"
"047SG","Smoked Gouda","Holanda",2.18,3.1,"Porción (250 g)","Vaca Semicurado","Reblagou","105"
"048AS","Asiago","Italia",3.49,4.98,"Porción (250 g)","Vaca Curado","Picoletto","106"
"049BO","Boschetto","Italia",7.0,10.23,"Porción (250 g)","Mixto Tierno","Divino","106"
"050BR","Bra","Italia",4.22,6.23,"Porción (250 g)","Vaca Curado","Latteco","106"
"051PE","Pecorino","Italia",6.64,9.65,"Porción (250 g)","Oveja Curado","Brilatte","106"
"052BR","Brinata","Italia",4.41,6.23,"Porción (250 g)","Oveja Pasta blanda","Spareto","106"
"053CA","Cacciota","Italia",5.88,8.28,"Porción (250 g)","Oveja Semicurado","Messado","106"
"054GD","Gorgonzola Dolce","Italia",4.37,6.23,"Porción (250 g)","Vaca Curado","Fontana","106"
"055GP","Grana Padano","Italia",3.93,5.59,"Porción (250 g)","Vaca Curado","Persaletti","106"
"056MV","Monte Veronese","Italia",3.13,4.69,"Porción (250 g)","Vaca Semicurado","Il Montrato","106"
"057MB","Mozzarella di Bufala","Italia",4.53,6.48,"Porción (250 g)","Búfala Fresco","Mozza","106"
"058MA","Mascarpone","Italia",2.44,3.55,"Porción (250 g)","Vaca Fresco","Casa Angelo","106"
"059MG","Mountain Gorgonzola","Italia",3.78,5.3,"Porción (250 g)","Vaca Curado","Antico Mulardi","106"
"060PR","Parmigiano Reggiano","Italia",4.15,6.23,"Porción (250 g)","Vaca Añejo","Reggiola","106"
"061PR","Pecorino Romano","Italia",3.79,5.59,"Porción (250 g)","Oveja Curado","Rocottino","106"
"062PT","Pecorino Toscano","Italia",3.5,4.98,"Porción (250 g)","Oveja Tierno","Toscattino","106"
"063PR","Provolone","Italia",3.49,4.98,"Porción (250 g)","Vaca Semicurado","Rovolati","106"
"064RA","Raschera","Italia",3.88,5.59,"Porción (250 g)","Vaca Tierno","Rascoti","106"
"065RS","Ricotta Salata","Italia",2.46,3.5,"Porción (250 g)","Oveja Tierno","Ricottina","106"
"066TA","Taleggio","Italia",3.88,5.59,"Porción (250 g)","Vaca Pasta blanda","Techaletti","106"
"067CH","Cream Havarti","Dinamarca",2.3,3.43,"Porción (250 g)","Vaca Tierno","Laerdale","109"
"068DB","Danish Crumbly Blue","Dinamarca",2.74,4.06,"Porción (250 g)","Vaca Pasta veteada","Maachtrarden","109"
"069GR","Graddost","Suecia",2.83,4.06,"Porción (250 g)","Vaca Tierno","Artic circle","110"
"070SO","St. Olof","Suecia",2.3,3.43,"Porción (250 g)","Vaca Semicurado","Olofberg","110"
"071VA","Vadenost","Suecia",2.52,3.73,"Porción (250 g)","Vaca Tierno","Gjesvald","110"
"072CA","Cabrales","España",5.12,7.48,"Porción (250 g)","Mixto Pasta veteada","La Granja","107"
"073GA","Garrotxa","España",6.41,9.35,"Porción (250 g)","Cabra Semicurado","Casa Manel","107"
"074IB","Ibérico","España",4.68,6.84,"Porción (250 g)","Mixto Curado","El Pastor","107"
"075IB","Ibores","España",5.04,7.48,"Porción (250 g)","Cabra Semicurado","Flor de Montaña","107"
"076ID","Idiazabal","España",5.07,7.19,"Porción (250 g)","Oveja Semicurado","Istorki","107"
"077MA","Mahón","España",3.18,4.73,"Porción (250 g)","Vaca Curado","Illenc","107"
"078MA","Manchego","España",2.55,3.73,"Porción (250 g)","Oveja Tierno","La Meseta Tierno","108"
"079MA","Manchego","España",3.51,4.98,"Porción (250 g)","Oveja Semicurado","La Meseta Semi","108"
"080MA","Manchego","España",3.95,5.73,"Porción (250 g)","Oveja Curado","La Meseta Curado","108"
"081MA","Manchego","España",4.96,6.98,"Porción (250 g)","Oveja Añejo","La Meseta Añejo","108"
"082QC","Queso de cabra","España",3.9,5.5,"Porción (250 g)","Cabra Añejo","Bellacabra Añejo","108"
"083QC","Queso de cabra al vino","España",4.56,6.84,"Porción (250 g)","Cabra Curado","Bellacabra Curado","108"
"084TE","Tetilla","España",5.02,7.48,"Porción (250 g)","Vaca Tierno","La Gallega","107"
"085TR","Tronchón","España",3.41,4.98,"Porción (250 g)","Mixto Tierno","El Mañico","107"
"086AP","Appenzeller","Suiza",5.76,8.1,"Porción (250 g)","Vaca Semicurado","Farm Appellz","111"
"087SE","Swiss Emmental","Suiza",2.63,3.73,"Porción (250 g)","Vaca Semicurado","Emmeswiss","111"
"088SG","Swiss Gruyere","Suiza",3.4,4.98,"Porción (250 g)","Vaca Semicurado","Goldener","111"
"089TM","Tête de Moine","Suiza",6.15,9.15,"Porción (250 g)","Vaca Curado","Les Moinettes","111"
"090VI","Vignerons","Suiza",6.25,9.35,"Porción (250 g)","Vaca Añejo","Frognerons","111"
"091HF","Humboldt Fog","Estados Unidos",8.28,12.08,"Porción (250 g)","Cabra Semicurado","The Old Farm Goat","112"
"092KV","Knight's Vail","Estados Unidos",5.18,7.48,"Porción (250 g)","Vaca Semicurado","The Old Farm Cow","112"
"093BU","Burgos","España",1.73,2.48,"Porción (250 g)","Vaca Fresco","La Vaquería","107"
"094VS","Vermont Shepherd","Estados Unidos",4.37,6.23,"Porción (250 g)","Oveja Semicurado","The Old Farm Sheep","112"
"095CC","Canadian Chevre","Canadá",2.98,4.25,"Porción (250 g)","Cabra Pasta blanda","The Northness","112"
"096GB","Goat's Irish Boile","Irlanda",4.44,6.23,"Porción (250 g)","Cabra Tierno","The Irish Goat","113"
"097CB","Cow's Irish Boile","Irlanda",3.39,4.98,"Porción (250 g)","Vaca Tierno","The Irish Cow","113"
"098IC","Irish Carrigaline","Irlanda",4.3,6.23,"Porción (250 g)","Vaca Semicurado","Irche","113"
"099IB","Irish Blue","Irlanda",6.32,8.93,"Porción (250 g)","Vaca Pasta veteada","Blue Farmer","113"
"100MC","Irish Mature Coolea","Irlanda",6.68,9.98,"Porción (250 g)","Vaca Añejo","The William's","113"
"101BB","Paladin Bavarian Blue","Alemania",2.86,4.25,"Porción (250 g)","Vaca Pasta veteada","Bavaresse","114"
"102RB","Roaring Forties Blue","Australia",4.17,6.23,"Porción (250 g)","Vaca Pasta veteada","Oricheese","115"
"103ST","Seal Bay Triple Cream","Australia",4.38,6.23,"Porción (250 g)","Vaca Pasta blanda","Triplecheese","115"
"104DP","Dark Panforte","Italia",5.0,7.29,"Unidad","Bizcochos","Il Panetonne (Dark)","201"
"105WP","White Panforte","Italia",4.75,6.95,"Unidad","Bizcochos","Il Panetonne (White)","201"
"106BB","Brutti e Buoni","Italia",5.55,7.95,"Caja","Pastas de almendra","Casale di la Mamma","201"
"107CB","Cantucci Biscotti","Italia",4.25,6.35,"Caja","Pastas de té","Casale di la Mamma","201"
"108CA","Carquiñolis","España",3.68,5.4,"Caja","Pastas de almendra","Antiga Masia","202"
"109EM","Empiñonadas","España",2.64,3.75,"Caja","Dulces de Navidad","La Tradición","202"
"110AR","Almendras rellenas","España",3.34,4.75,"Caja","Dulces de Navidad","La Tradición","202"
"111HS","Huesos de Santo","España",2.85,4.25,"Caja","Dulces de Navidad","San Rafael","202"
"112PE","Polvorones de Estepa","España",6.68,9.9,"Caja","Dulces de Navidad","San Rafael","202"
"113TJ","Turrón de Jijona","España",4.61,6.75,"Unidad","Dulces de Navidad","Saga Antigua","202"
"114TA","Turrón de Alicante","España",4.8,6.75,"Unidad","Dulces de Navidad","Saga Antigua","202"
"115SP","Sobaos Pasiegos","España",3.48,5.0,"Caja","Bollería","La Estepa","202"
"116QP","Quesada Pasiega","España",3.07,4.5,"Caja","Bollería","La Estepa","202"
"117PM","Pastas Caseras de las Monjas Benedictinas","España",5.0,7.25,"Caja","Pastas de té","La Tradición","202"
"118AM","Almendrados de las Monjas Clarisas","España",4.94,7.0,"Caja","Pastas de almendra","La Tradición","202"
"119AM","Amarguillos de las Monjas Clarisas","España",4.85,7.0,"Caja","Bollería","La Tradición","202"
"120CA","Cavallucci","Italia",4.01,5.95,"Caja","Pastas de té","Casale di la Mamma","201"
"121GA","Galettes","Francia",2.43,3.5,"Caja","Galletas de mantequilla","La Mère Marie","203"
"122TI","Tiramisú","Italia",5.71,8.25,"Unidad","Tartas","Casale di la Mamma","201"
"123CB","Chocolate Bars","Reino Unido",2.74,3.99,"Caja","Galletas de chocolate","Factory Chocolate","204"
"124TT","Tarte Tatin","Francia",4.04,5.95,"Unidad","Tartas","La Mère Marie","203"
"125CT","Chocolate Truffle","Reino Unido",2.76,3.95,"Caja","Galletas de chocolate","Factory Chocolate","204"
"126MC","Maple Sugar Cookies","Canadá",3.95,5.75,"Caja","Pastas de té","The Canadian","204"
"127BC","Bourbon Creams","Reino Unido",2.24,3.25,"Caja","Galletas de chocolate","Factory Cream","204"
"128CC","Custard Creams","Reino Unido",2.17,3.25,"Caja","Pastas de té","Factory Cream","204"
"129JR","Jam Rings","Reino Unido",2.35,3.5,"Caja","Galletas de fruta","Factory Fruit","204"
"130SH","Shortcake","Reino Unido",2.48,3.5,"Caja","Galletas de mantequilla","Factory Butter","204"
"131RT","Rich Tea Biscuits","Reino Unido",2.34,3.5,"Caja","Pastas de té","Factory Tea","204"
"132DC","Dark Chocolate Digestives","Reino Unido",2.47,3.5,"Caja","Galletas de chocolate","Factory Chocolate","204"
"133LP","Lemon Puff","Reino Unido",1.4,2.0,"Caja","Galletas de fruta","Factory Lemon","204"
"134TR","Tinto Reserva 93","España",6.72,12.65,"Botella","D.O. Rioja-Tinto","Conde Duque Alvarez","301"
"135TR","Tinto Reserva 94","España",8.24,15.74,"Botella","D.O. Rioja-Tinto","Conde Duque Alvarez","301"
"136TR","Tinto Reserva 95","España",11.56,22.9,"Botella","D.O. Rioja-Tinto","Conde Duque Alvarez","301"
"137TR","Tinto Reserva 96","España",16.0,25.75,"Botella","D.O. Rioja-Tinto","Conde Duque Alvarez","301"
"138TC","Tinto Crianza 94","España",5.14,9.04,"Botella","D.O. Rioja-Tinto","Conde Duque Alvarez","301"
"139TC","Tinto Crianza 95","España",4.2,7.01,"Botella","D.O. Rioja-Tinto","Conde Duque Alvarez","301"
"140TC","Tinto Crianza 96","España",4.1,7.51,"Botella","D.O. Rioja-Tinto","Conde Duque Alvarez","301"
"141TC","Tinto Crianza 97","España",7.02,12.02,"Botella","D.O. Rioja-Tinto","Conde Duque Alvarez","301"
"142TG","Tinto Gran Reserva 82","España",14.58,27.63,"Botella","D.O. Rioja-Tinto","Marqués de Albiñana","302"
"143TG","Tinto Gran Reserva 82","España",15.95,27.9,"Botella","D.O. Rioja-Tinto","Marqués de Albiñana","302"
"144TG","Tinto Gran Reserva 89","España",10.64,19.41,"Botella","D.O. Rioja-Tinto","Marqués de Albiñana","302"
"145TG","Tinto Gran Reserva 91","España",7.86,15.02,"Botella","D.O. Rioja-Tinto","Marqués de Albiñana","302"
"146TG","Tinto Gran Reserva 93","España",7.28,13.85,"Botella","D.O. Rioja-Tinto","Marqués de Albiñana","302"
"147TG","Tinto Gran Reserva 89","España",11.56,21.33,"Botella","D.O. Rioja-Tinto","Marqués de Albiñana","302"
"148TG","Tinto Gran Reserva 89","España",10.16,16.28,"Botella","D.O. Rioja-Tinto","Marqués de Albiñana","302"
"149TG","Tinto Gran Reserva 91","España",6.76,12.87,"Botella","D.O. Rioja-Tinto","Marqués de Albiñana","302"
"150TR","Tinto Reserva 95","España",5.52,8.9,"Botella","D.O. Rioja-Tinto","Hermanos Alvarez","302"
"151TR","Tinto Reserva 95","España",6.11,11.6,"Botella","D.O. Rioja-Tinto","Conde Tomás de Ribera","301"
"152TR","Tinto Reserva 95","España",17.24,29.81,"Botella","D.O. Rioja-Tinto","Viña Selecta","304"
"153TR","Tinto Reserva 95","España",7.86,14.16,"Botella","D.O. Rioja-Tinto","Ribera de Afluente","303"
"154TR","Tinto Reserva 95","España",4.66,7.6,"Botella","D.O. Rioja-Tinto","El Señorío","303"
"155TR","Tinto Reserva 95","España",4.24,8.36,"Botella","D.O. Rioja-Tinto","Conde de Salvatierra","302"
"156TR","Tinto Reserva 95","España",3.64,6.26,"Botella","D.O. Rioja-Tinto","Valselecto","303"
"157TR","Tinto Reserva 95","España",8.89,17.28,"Botella","D.O. Rioja-Tinto","Rodriguez del Duero","303"
"158TR","Tinto Reserva 95","España",6.67,11.45,"Botella","D.O. Rioja-Tinto","Señorío de San Gervasio","306"
"159TR","Tinto Reserva 95","España",5.1,10.0,"Botella","D.O. Rioja-Tinto","Valle de la Ribera","302"
"160TR","Tinto Reserva 95","España",5.69,10.3,"Botella","D.O. Rioja-Tinto","Condado del Señorío","306"
"161TR","Tinto Reserva 95","España",10.69,19.38,"Botella","D.O. Rioja-Tinto","Hermanos de la Fuente","303"
"162TR","Tinto Reserva 93","España",4.18,7.99,"Botella","D.O. Rioja-Tinto","Rodriguez del Duero","303"
"163TR","Tinto Reserva 94","España",7.55,14.31,"Botella","D.O. Rioja-Tinto","Viña Selecta","304"
"164TR","Tinto Reserva 94","España",4.63,9.04,"Botella","D.O. Rioja-Tinto","Ribera de Afluente","302"
"165TR","Tinto Reserva 94","España",4.34,8.05,"Botella","D.O. Rioja-Tinto","El Señorío","306"
"166TR","Tinto Reserva 94","España",5.08,9.4,"Botella","D.O. Rioja-Tinto","Conde de Salvatierra","302"
"167TR","Tinto Reserva 94","España",6.45,12.68,"Botella","D.O. Rioja-Tinto","Señorío de San Gervasio","306"
"168TR","Tinto Reserva 96","España",7.89,14.24,"Botella","D.O. Rioja-Tinto","Señorío de San Gervasio","306"
"169TR","Tinto Reserva 95","España",5.3,9.3,"Botella","D.O. Rioja-Tinto","Conde de Salvatierra","302"
"170TC","Tinto Crianza 96","España",3.4,5.79,"Botella","D.O. Rioja-Tinto","Viña Selecta","304"
"171TC","Tinto Crianza 96","España",2.69,5.37,"Botella","D.O. Rioja-Tinto","Ribera de Afluente","302"
"172TC","Tinto Crianza 96","España",4.02,7.57,"Botella","D.O. Rioja-Tinto","El Señorío","306"
"173TG","Tinto Gran Reserva 82","España",19.84,38.73,"Botella","D.O. Rioja-Tinto","Don Mendival","304"
"174CS","Cabernet Sauvignon Gran Reserva Esp. 79","España",11.04,17.9,"Botella","D.O. Penedés-Tinto","Bodegas Don Emilio","305"
"175CS","Cabernet Sauvignon Reserva 93","España",5.97,10.9,"Botella","D.O. Penedés-Tinto","Bodegas Don Emilio","305"
"176TR","Tinto Reserva 94","España",6.5,11.75,"Botella","D.O. Penedés-Tinto","Bodegas Don Emilio","305"
"177TS","Tinto Reserva 95","España",5.23,9.9,"Botella","D.O. Penedés-Tinto","Bodegas Don Emilio","305"
"178CH","Chardonnay 97","España",7.84,12.9,"Botella","D.O. Penedés-Blanco","Viña Selección","305"
"179CH","Chardonnay 98","España",4.92,7.9,"Botella","D.O. Penedés-Blanco","Viña Selección","305"
"180CH","Chardonnay 97","España",6.88,12.9,"Botella","D.O. Penedés-Blanco","Viña Selección","305"
"181TR","Tinto Reserva 94","España",6.71,11.12,"Botella","D.O. Somontano-Tinto","Bodegas de Aragón","307"
"182TR","Tinto Reserva 94","España",4.46,8.11,"Botella","D.O. Somontano-Tinto","Bodegas de Aragón","307"
"183CS","Cabernet Sauvignon 96","España",6.64,11.12,"Botella","D.O. Somontano-Blanco","Bodegas de Aragón","307"
"184TR","Tinto Reserva 95","España",6.42,11.05,"Botella","D.O. Somontano-Tinto","Bodegas de Aragón","307"
"185TC","Tinto Crianza 96","España",3.6,6.2,"Botella","D.O. Somontano-Tinto","Bodegas de Aragón","307"
"186CH","Chardonnay 97","España",2.68,5.11,"Botella","D.O. Somontano-Blanco","Bodegas de Aragón","307"
"187CH","Chardonnay 98","España",3.97,7.62,"Botella","D.O. Somontano-Blanco","Bodegas de Aragón","307"
"188CB","Chardonnay en barrica 97","España",5.92,10.51,"Botella","D.O. Somontano-Blanco","Bodegas de Aragón","307"
"189ME","Merlot 97","Estados Unidos",6.93,11.25,"Botella","D.O. Napa-Tinto","Golden Vineyards","318"
"190CH","Chardonnay 98","Estados Unidos",6.68,12.5,"Botella","D.O. Napa-Blanco","Golden Vineyards","318"
"191CB","Chenin Blanc 97","Estados Unidos",7.83,13.0,"Botella","D.O. Napa-Blanco","Golden Vineyards","318"
"192ME","Merlot 97","Estados Unidos",7.53,14.35,"Botella","D.O. Napa-Tinto","Golden Vineyards","318"
"193CB","Chenin Blanc 98","Estados Unidos",7.78,15.25,"Botella","D.O. Napa-Blanco","Golden Vineyards","318"
"194SB","Sauvignon Blanc 98","Estados Unidos",9.95,16.25,"Botella","D.O. Napa-Blanco","Golden Vineyards","318"
"195SB","Sauvignon Blanc 96","Estados Unidos",9.31,17.25,"Botella","D.O. Napa-Blanco","Golden Vineyards","318"
"196CS","Cabernet Sauvignon 96","Estados Unidos",10.66,18.6,"Botella","D.O. Napa-Blanco","Golden Vineyards","318"
"197SE","Semillon 97","Estados Unidos",5.9,9.9,"Botella","D.O. Napa-Blanco","Old Vine Cellars","319"
"198ZI","Zinfandel 98","Estados Unidos",11.05,21.25,"Botella","D.O. Napa-Blanco","Old Vine Cellars","319"
"199GR","Grenache 96","Estados Unidos",12.34,22.4,"Botella","D.O. Napa-Blanco","Old Vine Cellars","319"
"200ZI","Zinfandel 96","Estados Unidos",13.94,24.25,"Botella","D.O. Napa-Blanco","Old Vine Cellars","319"
"201ZI","Zinfandel 97","Estados Unidos",12.39,23.5,"Botella","D.O. Napa-Blanco","Old Vine Cellars","319"
"202CH","Chardonnay 97","Estados Unidos",15.24,24.4,"Botella","D.O. Napa-Blanco","Old Vine Cellars","319"
"203SG","Sangiovese 97","Estados Unidos",13.57,23.0,"Botella","D.O. Napa-Blanco","Robert F. Cellars","320"
"204CH","Chardonnay 97","Estados Unidos",13.09,23.1,"Botella","D.O. Napa-Blanco","Robert F. Cellars","320"
"205CS","Cabernet Sauvignon 97","Estados Unidos",13.87,25.3,"Botella","D.O. Napa-Blanco","Robert F. Cellars","320"
"206ZI","Zinfandel 97","Estados Unidos",11.57,22.5,"Botella","D.O. Napa-Rosado","Cuvee Chapel","320"
"207PN","Pinot Noir 97","Estados Unidos",14.6,24.0,"Botella","D.O. Napa-Tinto","West Vineyards","321"
"208ME","Merlot 97","Estados Unidos",16.3,26.2,"Botella","D.O. Napa-Tinto","West Vineyards","321"
"209ME","Merlot 98","Estados Unidos",16.12,27.0,"Botella","D.O. Napa-Tinto","West Vineyards","321"
"210PN","Pinot Noir 97","Estados Unidos",13.79,26.5,"Botella","D.O. Napa-Tinto","West Vineyards","321"
"211CH","Chardonnay 98","Estados Unidos",16.41,27.1,"Botella","D.O. Napa-Blanco","West Vineyards","321"
"212CF","Cabernet Franc 97","Estados Unidos",14.62,26.85,"Botella","D.O. Napa-Blanco","West Vineyards","321"
"213CS","Cabernet Sauvignon 98","Estados Unidos",13.59,24.3,"Botella","D.O. Napa-Blanco","West Vineyards","321"
"214ME","Merlot 97","Estados Unidos",15.05,27.45,"Botella","D.O. Napa-Tinto","West Vineyards","321"
"215ME","Reserve Chardonnay 97","Estados Unidos",18.54,29.95,"Botella","D.O. Napa-Blanco","West Vineyards","321"
"216SG","Sangiovese 96","Estados Unidos",16.77,28.35,"Botella","D.O. Napa-Blanco","West Vineyards","321"
"217CH","Chardonnay 98","Estados Unidos",17.73,31.0,"Botella","D.O. Napa-Blanco","West Vineyards","321"
"218SY","Syrah 97","Estados Unidos",16.89,32.45,"Botella","D.O. Napa-Blanco","West Vineyards","321"
"219SY","Syrah 96","Estados Unidos",18.28,31.5,"Botella","D.O. Napa-Blanco","West Vineyards","321"
"220PN","Pinot Noir 98","Estados Unidos",17.13,33.65,"Botella","D.O. Napa-Tinto","Old House Cellar","319"
"221CH","Chardonnay 98","Estados Unidos",18.65,33.2,"Botella","D.O. Napa-Blanco","Old House Cellar","319"
"222FB","Fumé Blanc Reserve 97","Estados Unidos",20.17,34.75,"Botella","D.O. Napa-Blanco","Old House Cellar","319"
"223ZI","Zinfandel 97","Estados Unidos",18.32,35.45,"Botella","D.O. Napa-Rosado","Old House Cellar","319"
"224ME","Merlot 96","Estados Unidos",20.88,36.5,"Botella","D.O. Napa-Tinto","Old House Cellar","319"
"225CS","Cabernet Suavignon 97","Estados Unidos",23.39,37.85,"Botella","D.O. Napa-Blanco","Golden Valley","322"
"226CR","Chardonnay Reserve 97","Estados Unidos",21.86,39.95,"Botella","D.O. Napa-Blanco","Golden Valley","322"
"228ME","Merlot 97","Estados Unidos",20.69,40.75,"Botella","D.O. Napa-Tinto","Golden Valley","322"
"229CS","Cabernet Sauvignon 96","Estados Unidos",24.71,41.5,"Botella","D.O. Napa-Blanco","Golden Valley","322"
"230CS","Cabernet Sauvignon 97","Estados Unidos",26.74,43.5,"Botella","D.O. Napa-Blanco","Golden Valley","322"
"231CH","Chardonnay 98","Estados Unidos",22.49,42.25,"Botella","D.O. Napa-Blanco","Golden Valley","322"
"232CR","Chardonnay Reserve 97","Estados Unidos",27.65,44.5,"Botella","D.O. Napa-Blanco","Golden Valley","322"
"233CS","Cabernet Sauvignon 96","Estados Unidos",23.15,42.5,"Botella","D.O. Napa-Blanco","Golden Valley","322"
"234CH","Chardonnay 95","Estados Unidos",24.83,46.5,"Botella","D.O. Napa-Blanco","Golden Valley","322"
"235CS","Cabernet Sauvignon 96","Estados Unidos",24.38,47.0,"Botella","D.O. Napa-Blanco","Golden Valley","322"
"236TR","Tinto Reserva 95/96","España",13.14,22.54,"Botella","D.O. Ribera del Duero-Tinto","Conde Duque Montaráz","304"
"237TC","Tinto Crianza 96/97","España",6.32,11.27,"Botella","D.O. Ribera del Duero-Tinto","Conde Duque Montaráz","304"
"238TR","Tinto Reserva 96","España",9.98,18.03,"Botella","D.O. Ribera del Duero-Tinto","Conde Duque Montaráz","304"
"239TC","Tinto Crianza 97","España",4.49,8.11,"Botella","D.O. Ribera del Duero-Tinto","Conde Duque Montaráz","304"
"240TR","Tinto Reserva 94","España",6.24,11.45,"Botella","D.O. Ribera del Duero-Tinto","Conde Duque Montaráz","304"
"241TR","Tinto Reserva 95","España",8.24,14.31,"Botella","D.O. Ribera del Duero-Tinto","Conde Duque Montaráz","304"
"242TC","Tinto Crianza 96","España",4.23,7.87,"Botella","D.O. Ribera del Duero-Tinto","Conde Duque Montaráz","304"
"243TR","Tinto Reserva 94","España",9.67,18.8,"Botella","D.O. Ribera del Duero-Tinto","Bodegas Hnos. Soldeoro","304"
"244TR","Tinto Reserva 94","España",9.67,17.17,"Botella","D.O. Ribera del Duero-Tinto","Bodegas Hnos. Soldeoro","304"
"245TG","Tinto Gran Reserva 92/94","España",22.07,42.21,"Botella","D.O. Ribera del Duero-Tinto","Bodegas Hnos. Soldeoro","304"
"246TR","Tinto Reserva 95/96","España",11.87,22.9,"Botella","D.O. Ribera del Duero-Tinto","Viuda de Soldeoro","304"
"247TC","Tinto Crianza 96/97","España",6.75,12.16,"Botella","D.O. Ribera del Duero-Tinto","Viuda de Soldeoro","304"
"248TR","Tinto Reserva 96","España",11.68,22.0,"Botella","D.O. Priorato-Tinto","El Monasterio","304"
"249TR","Tinto Reserva 96","España",7.3,13.52,"Botella","D.O. Priorato-Tinto","El Monasterio","304"
"250RS","Riesling Spätlese 99","Alemania",6.73,12.77,"Botella","D.O. Pfalz-Blanco","Graf Von Schulck","324"
"251RA","Riesling Auslese Classic 99","Alemania",11.21,21.97,"Botella","D.O. Pfalz-Blanco","Graf Von Schulck","324"
"252RA","Riesling Auslese 98","Alemania",12.51,20.64,"Botella","D.O. Pfalz-Blanco","Graf Von Schulck","324"
"253RS","Riesling Spätlese 98","Alemania",6.89,13.4,"Botella","D.O. Pfalz-Blanco","Graf Von Schulck","324"
"254RS","Riesling Spätlese 98","Alemania",5.44,10.52,"Botella","D.O. Mosel-Saar-Ruwer-Blanco","Ernst Kunstler","323"
"255MA","Merlot Blanc 97","Francia",5.84,11.0,"Botella","D.O. Bordeaux-Blanco","Château Duc Versalle","315"
"256SB","Sauvignon Blanc 98","Francia",5.99,11.0,"Botella","D.O. Bordeaux-Blanco","Château Duc Versalle","315"
"257BR","Bordeaux Rouge 97","Francia",6.48,11.0,"Botella","D.O. Bordeaux-Tinto","Château Duc Versalle","315"
"258CS","Cabernet Sauvignon 97","Francia",10.81,18.0,"Botella","D.O. Bordeaux-Tinto","Château Haut-Loupiac","315"
"259CF","Cabernet Franc 97","Francia",10.7,18.0,"Botella","D.O. Bordeaux-Tinto","Château Haut-Loupiac","315"
"260CM","Cabernet Merlot 97","Francia",9.53,18.0,"Botella","D.O. Bordeaux-Blanco","Château Haut-Loupiac","315"
"261PV","Petit Verdot 97","Francia",10.05,18.0,"Botella","D.O. Bordeaux-Blanco","Château Haut-Loupiac","315"
"262BO","Bordeaux 97","Francia",17.15,29.95,"Botella","D.O. Bordeaux-Tinto","Monsieur Valentin","315"
"263BO","Bordeaux 88","Francia",49.3,89.95,"Botella","D.O. Bordeaux-Tinto","Saint Estèphe","315"
"264BO","Bordeaux 88","Francia",558.58,899.0,"Botella","D.O. Bordeaux-Tinto","Grant Estèphe","315"
"265BR","Bourgogne Rouge 97","Francia",5.41,9.26,"Botella","D.O. Bourgogne-Tinto","Château des Duc","314"
"266BP","Bourgogne Pinot Noir 98","Francia",4.79,8.99,"Botella","D.O. Bourgogne-Tinto","Château des Duc","314"
"267BP","Bourgogne Pinot Noir 97","Francia",4.95,8.8,"Botella","D.O. Bourgogne-Tinto","Château des Duc","314"
"268CC","Chablis Chardonnay 97/98","Francia",6.28,12.11,"Botella","D.O. Bourgogne-Blanco","Duc Puy-Arnatel","314"
"269CC","Chablis Chardonnay 97","Francia",14.0,23.74,"Botella","D.O. Bourgogne-Blanco","Duc Puy-Arnatel","314"
"270CC","Chablis Chardonnay 98","Francia",6.08,11.21,"Botella","D.O. Bourgogne-Blanco","Duc Puy-Arnatel","314"
"271CC","Chablis Chardonnay 98","Francia",8.02,15.06,"Botella","D.O. Bourgogne-Rosado","Château Haut-Rosee","314"
"272CC","Chablis Chardonnay 98","Francia",9.63,16.11,"Botella","D.O. Bourgogne-Tinto","Château Plonsac","314"
"273PN","Pinot Noir 97","Francia",6.41,12.56,"Botella","D.O. Alsace-Tinto","Allimat-Deiss","316"
"274RI","Riesling 96","Francia",5.42,10.79,"Botella","D.O. Alsace-Tinto","Allimat-Deiss","316"
"275GE","Gewürztraminer 97","Francia",7.05,12.53,"Botella","D.O. Alsace-Rosado","Allimat-Deiss","316"
"276TP","Tokay Pinot Gris 98","Francia",6.21,11.48,"Botella","D.O. Alsace-Tinto","Allimat-Deiss","316"
"277GE","Gewürztraminer 93","Francia",6.99,11.51,"Botella","D.O. Alsace-Tinto","Spielmann Vignoble","316"
"278SY","Sylvaner 96","Francia",3.43,6.61,"Botella","D.O. Alsace-Tinto","Spielmann Vignoble","316"
"279BS","Brut Extra Sélection","Francia",12.86,24.0,"Botella","D.O. Champagne-Brut","Château d'Or","313"
"281BC","Brut Premier Cru","Francia",13.85,25.0,"Botella","D.O. Champagne-Brut","Château d'Or","313"
"282BC","Blanc de Blancs Premier Cru","Francia",16.42,28.0,"Botella","D.O. Champagne-Brut","Blanc Château","313"
"283BC","Brut Chardonnay Blanc de Blancs","Francia",15.71,29.95,"Botella","D.O. Champagne-Brut","Château d'Or","313"
"284BS","Brut Premier Cru","Francia",13.48,25.0,"Botella","D.O. Champagne-Brut","Château d'Or","313"
"285BB","Blanc de Blancs Brut Premier Cru","Francia",16.58,32.0,"Botella","D.O. Champagne-Brut","Blanc Château","313"
"286BR","Brut Réserve","Francia",18.93,35.0,"Botella","D.O. Champagne-Brut","Château d'Or","313"
"287UB","Ultra-Brut","Francia",33.2,54.0,"Botella","D.O. Champagne-Brut","Château d'Or","313"
"288BR","Brut Rosé","Francia",27.06,54.0,"Botella","D.O. Champagne-Brut","Château d'Or","313"
"289BR","Brut Réserve","Francia",49.57,85.0,"Botella","D.O. Champagne-Brut","Château d'Or","313"
"28OBC","Blanc de Blancs Grand Cru","Francia",14.57,28.0,"Botella","D.O. Champagne-Brut","Blanc Chateau","313"
"290BC","Brut Chardonnay","Francia",41.79,79.95,"Botella","D.O. Champagne-Brut","Château d'Or","313"
"291BC","Grand Cordon Brut","Francia",66.82,119.95,"Botella","D.O. Champagne-Brut","Château d'Or","313"
"292BC","1989 Brut Champagne","Francia",99.26,169.95,"Botella","D.O. Champagne-Brut","Chateau d'Or","313"
"293YG","Yalumba Grenache 97","Australia",8.2,15.0,"Botella","D.O. Barossa Valley-Rosado","Australian Cellars","325"
"294SH","Shiraz 97","Australia",8.48,15.0,"Botella","D.O. Barossa Valley-Rosado","Australian Cellars","325"
"295GS","Golden Semillon 97","Australia",9.36,18.0,"Botella","D.O. Barossa Valley-Blanco","Australian Cellars","325"
"296SW","Semillon Wood-Matured 94","Australia",9.53,16.0,"Botella","D.O. Barossa Valley-Blanco","Vineyards of Australia","326"
"297ME","Merlot 97","Australia",12.09,21.0,"Botella","D.O. Barossa Valley-Blanco","Vineyards of Australia","326"
"298SH","Shiraz 96","Australia",15.59,25.0,"Botella","D.O. Barossa Valley-Rosado","Vineyards of Australia","326"
"299CS","Cabernet Sauvignon-Shiraz 98","Australia",12.46,19.95,"Botella","D.O. Coonawarra-Tinto","Francis Jr.Cellars","327"
"300CH","Chardonnay 98","Australia",12.29,19.95,"Botella","D.O. Coonawarra-Blanco","Francis Jr.Cellars","327"
"301ME","Merlot 97","Australia",17.44,29.95,"Botella","D.O. Coonawarra-Tinto","Francis Jr.Cellars","327"
"302SC","Shiraz-Cabernet 96","Australia",19.09,33.0,"Botella","D.O. Coonawarra-Rosado","Francis Jr.Cellars","327"
"303SE","Semillon 99","Australia",9.66,16.0,"Botella","D.O. Hunter Valley-Rosado","Atlas Vineyard","328"
"304CH","Chardonnay 98","Australia",10.8,19.95,"Botella","D.O. Hunter Valley-Blanco","Atlas Vineyard","328"
"305CH","Chardonnay 97","Australia",18.03,29.95,"Botella","D.O. Hunter Valley-Blanco","Atlas Vineyard","328"
"306CS","Cabernet Sauvignon 98","Chile",5.67,9.95,"Botella","Mendoza-Blanco","Casa Julia Montemar","329"
"307MA","Malbec 99","Chile",5.11,9.95,"Botella","Mendoza-Rosado","Casa Julia Montemar","329"
"308ME","Merlot 99","Chile",5.18,9.95,"Botella","Mendoza-Tinto","Casa Julia Montemar","329"
"309CS","Cabernet Sauvignon 99","Chile",4.99,9.95,"Botella","Mendoza-Blanco","Casa Julia Montemar","329"
"310CB","Cru Beaujolais 99","Francia",4.42,7.95,"Botella","D.O. Beaujolais-Blanco","Saint Honoré","312"
"311CB","Cru Beaujolais 98","Francia",8.41,15.0,"Botella","D.O. Beaujolais-Rosado","Saint Honoré","312"
"312CB","Cru Beaujolais 98","Francia",28.38,49.95,"Botella (1.5 l)","D.O. Beaujolais-Tinto","Saint Honoré","312"
"313PA","Pacharán","España",4.56,7.5,"Botella","Licores","El Norte","310"
"314JE","Jerez","España",4.97,9.0,"Botella","Licores","Bodegas La Frontera","310"
"315FI","Fino","España",3.76,6.5,"Botella","Licores","Hermanos Montilla","310"
"316MO","Moscatel","España",3.87,7.5,"Botella","Licores","Casa Saez","310"
"317MA","Manzanilla","España",3.97,6.75,"Botella","Licores","Fina Pérez","310"
"318SW","Scotch Whiskey 10 años","Reino Unido",13.49,23.5,"Botella","Whisky","Glendale","317"
"319SW","Scotch Whiskey 12 años","Reino Unido",16.14,27.0,"Botella","Whisky","Glendale","317"
"320SW","Scotch Whiskey 15 años","Reino Unido",17.1,30.5,"Botella","Whisky","Glendale","317"
"321SW","Scotch Whiskey 18 años","Reino Unido",18.06,32.6,"Botella","Whisky","Glendale","317"
"322SW","Scotch Whiskey 21 años","Reino Unido",59.48,102.4,"Botella","Whisky","Glendale","317"
"323KB","Kentucky Bourbon","Estados Unidos",6.95,12.6,"Botella","Whisky","James Smith","320"
"324TW","Tennesse Whiskey","Estados Unidos",8.19,13.4,"Botella","Whisky","Long River","320"
"325GR","Gran Reserva 94","España",15.93,30.97,"Botella","D.O. Cava-Extra Brut","Santa Eulalia","308"
"326BN","Brut Nature","España",6.3,10.11,"Botella","D.O. Cava-Brut","Bodegas Ferrer","308"
"327RM","Ron miel","España",6.33,11.2,"Botella","Ron","La Pampera","308"
"328BR","Brut Reserva","España",4.07,7.2,"Botella","D.O. Cava-Brut","Bodegas Ferrer","308"
"329EB","Extra Brut","España",3.1,6.2,"Botella","D.O. Cava-Extra Brut","Bodegas Ferrer","308"
"330RR","Reserva Real","España",10.56,17.1,"Botella","D.O. Cava-Extra Seco","Salteriu","308"
"331BI","Brut Imperial","España",5.95,10.2,"Botella","D.O. Cava-Extra Brut","Salteriu","308"
"332CR","Cuvée Reserva","España",8.71,17.05,"Botella","D.O. Cava-Seco","Salteriu","308"
"333BB","Brut de Brut","España",3.56,7.0,"Botella","D.O. Cava-Extra Brut","Santa Eulalia","308"
"334RF","Reserva Familia","España",6.51,12.4,"Botella","D.O. Cava-Extra Brut","Santa Eulalia","308"
"335GB","Gran Brut","España",9.31,18.0,"Botella","D.O. Cava-Extra Brut","Santa Eulalia","308"
"336BN","Brut Nature","España",11.15,19.95,"Botella","D.O. Cava-Brut Nature","Santa Eulalia","308"
"337GI","Layden Gin","Reino Unido",8.68,17.35,"Botella","Ginebra","Longin","317"
"338CO","Cognac","Francia",101.1,169.95,"Botella","D.O. Cognac","L'Evèque","311"
"339CO","Cognac","Francia",59.22,114.15,"Botella","D.O. Cognac","L'Evèque","311"
"340CO","Cognac","Francia",30.39,60.75,"Botella","D.O. Cognac","L'Evèque","311"
